user_id,user_login,account_createdates,repo_contributed_count,user_commit_count,repo_commit_count,user_comment_count,security_comment_count,expertise_score
4723115,dkhamsing,2013-06-17T23:20:58Z,1,2361,4680,1,1,682.571153846154
2310221,qiuyuzhou,2012-09-09T08:17:23Z,1,445,559,11,26,336.7964772258153
484656,vsouza,2010-11-16T22:52:40Z,1,913,6151,10,10,275.48821329865063
1019875,onevcat,2011-09-01T16:27:21Z,1,1660,2030,6,6,272.30541871921184
366926,danielgindi,2010-08-17T07:59:15Z,1,1027,1713,3,5,221.58739054290717
1641148,kzaher,2012-04-13T17:53:24Z,2,1955,3798,8,14,184.71977732641238
346853,hollance,2010-07-28T11:28:14Z,2,267,2599,6,6,163.4463255098115
235645,malcommac,2010-04-02T11:34:52Z,2,1283,1649,2,2,149.38508186779868
1755579,kjessup,2012-05-19T20:46:50Z,1,596,800,4,15,128.33866666666665
1548468,mortenjust,2012-03-17T23:28:26Z,1,84,107,1,1,127.96261682242991
1287724,zhuhaow,2011-12-27T07:55:39Z,1,254,269,1,1,125.58364312267658
214288,robertjpayne,2010-03-02T23:28:25Z,1,383,510,2,5,119.55607843137255
8478049,lhc70000,2014-08-18T09:27:16Z,1,1499,2840,6,14,119.4374245472837
2439146,patchthecode,2012-09-27T17:58:16Z,1,950,1025,1,1,114.0
1435250,yanue,2012-02-14T01:20:02Z,1,268,297,6,10,112.07272727272728
1165044,1024jp,2011-11-01T14:42:19Z,1,9608,10055,1,1,111.7987071108901
758033,krzyzanowskim,2011-04-28T23:56:37Z,1,1082,1272,132,190,102.82760675273089
1660804,srdanrasic,2012-04-19T20:59:44Z,2,1232,1742,2,2,101.13432835820896
432536,jspahrsummers,2010-10-08T15:39:49Z,2,3434,12863,22,82,90.67771240256133
1342803,tanner0101,2012-01-18T04:24:17Z,1,2757,5463,22,68,90.12772555480183
329318,ashleymills,2010-07-12T08:05:20Z,1,217,335,1,1,87.44776119402985
212270,ianyh,2010-02-28T01:35:51Z,1,965,1196,1,1,83.1061872909699
852375,jamztang,2011-06-15T18:08:02Z,1,40,254,1,1,76.06299212598425
1198882,dabbott,2011-11-16T08:39:09Z,1,1685,2194,3,6,74.88035551504102
272929,LukeTangPL,2010-05-11T02:18:30Z,1,157,734,2,4,70.2649863760218
658,stephencelis,2008-02-22T22:26:04Z,1,374,860,7,10,68.79860465116278
810189,shogo4405,2011-05-25T16:00:59Z,1,1147,1325,4,4,67.52150943396227
429858,rnapier,2010-10-06T17:02:31Z,1,477,551,35,53,66.88747731397459
169110,cnoon,2009-12-17T20:09:04Z,2,1188,1982,17,179,66.09078353223705
58962,mxcl,2009-02-28T22:54:13Z,2,1444,6501,11,24,65.96954314720811
6917,sauliusgrigaitis,2008-04-12T10:43:02Z,1,90,108,1,1,62.5
954279,BradLarson,2011-08-02T14:26:48Z,1,108,135,1,2,61.199999999999996
2039987,yoavlt,2012-07-25T11:20:52Z,1,63,83,1,1,59.204819277108435
546885,nicklockwood,2011-01-04T11:44:48Z,1,1127,1317,3,3,59.04555808656037
1211049,nuclearace,2011-11-21T18:46:47Z,1,1508,1704,22,40,58.89518779342723
6221298,FlexMonkey,2013-12-19T08:52:10Z,1,184,195,1,1,57.55897435897436
2995438,Econa77,2012-12-08T11:16:22Z,1,277,455,1,1,56.61758241758242
16192914,alexaubry,2015-12-07T15:35:17Z,1,243,316,1,1,53.82911392405063
474794,jpsim,2010-11-09T22:03:40Z,2,2899,6677,5,13,49.42938445409615
40610,kishikawakatsumi,2008-12-15T20:44:05Z,1,504,546,1,2,49.38461538461539
7659,mattt,2008-04-17T03:18:54Z,2,283,1799,45,178,49.15483633229447
492449,damian-kolakowski,2010-11-22T21:28:56Z,1,283,612,3,3,48.55392156862745
1746532,mtnbarreto,2012-05-16T17:34:28Z,2,627,1162,3,14,48.447196951069586
899487,SCENEE,2011-07-07T01:03:34Z,1,547,595,1,1,47.80504201680672
11691433,ddddxxx,2015-03-28T07:24:44Z,1,1358,1370,1,1,47.579562043795626
889949,marmelroy,2011-07-02T04:42:46Z,2,326,466,4,5,46.451502145922746
54219,groue,2009-02-13T10:40:13Z,1,8301,8562,7,11,46.2723768873033
3412956,benlangmuir,2013-01-29T04:19:46Z,1,519,811,1,2,44.79654747225648
378162,pcantrell,2010-08-27T15:13:53Z,1,1196,1291,6,7,43.67378554830143
13760,joshaber,2008-06-15T00:25:05Z,1,1324,8638,13,41,42.47620553538251
1917632,matthewpalmer,2012-07-03T10:05:08Z,1,184,243,2,2,42.40329218106996
134170,Thomvis,2009-10-02T13:04:53Z,1,545,700,1,1,42.04285714285714
965994,yoichitgy,2011-08-08T09:58:01Z,1,624,902,11,19,39.25032092426188
498212,ashfurrow,2010-11-26T18:46:10Z,2,1874,5014,10,37,38.991580331827635
888899,ortuman,2011-07-01T15:09:12Z,1,94,169,1,1,37.26627218934912
3529490,Caldis,2013-02-11T05:33:30Z,1,271,295,1,2,37.20508474576271
6086409,mamaral,2013-12-02T14:15:00Z,1,45,178,1,1,37.162921348314605
7742344,zhangao0086,2014-05-30T03:26:52Z,1,944,1081,4,4,36.67715078630897
2466701,JohnSundell,2012-10-01T20:15:13Z,2,202,295,2,3,36.06327683615819
5816878,goktugyil,2013-10-30T19:35:05Z,1,350,847,2,2,35.950413223140494
565231,akashivskyy,2011-01-14T19:48:07Z,1,346,399,1,1,35.553884711779446
1540564,zvonicek,2012-03-15T14:13:35Z,1,307,374,1,1,35.29679144385027
2980636,alexeyxo,2012-12-06T13:30:18Z,1,289,328,2,2,35.24390243902439
1560305,ohoachuck,2012-03-21T09:26:22Z,1,125,209,2,2,33.49282296650718
75067,dduan,2009-04-18T05:20:10Z,1,318,347,2,2,32.99135446685879
235510,bmichotte,2010-04-02T07:00:01Z,1,1428,2142,6,8,31.0
3751289,jcavar,2013-03-02T21:11:43Z,1,142,152,1,1,30.828947368421055
1129119,louisdh,2011-10-14T21:07:47Z,1,412,470,3,8,29.913829787234043
1218847,joeblau,2011-11-24T19:53:32Z,1,594,858,1,2,29.423076923076923
153167,bizz84,2009-11-14T09:11:40Z,1,637,803,15,45,29.35118306351183
2108446,tilltue,2012-08-07T07:30:11Z,1,201,284,2,2,29.017605633802816
130834,evermeer,2009-09-24T13:50:16Z,1,659,710,2,2,28.773239436619715
7691872,sebastianv1,2014-05-25T02:04:18Z,1,153,299,1,1,28.655518394648826
10441775,XuNeal,2015-01-07T22:40:13Z,1,15,24,1,1,26.875
8017512,dennisweissmann,2014-06-29T09:12:59Z,1,119,267,1,1,26.741573033707866
2552214,philackm,2012-10-13T15:25:25Z,1,126,158,1,4,26.31645569620253
705880,rileytestut,2011-04-02T20:30:27Z,1,386,392,1,5,25.995918367346942
16448027,vincode-io,2015-12-26T23:33:05Z,1,3018,6297,1,2,25.88089566460219
1426233,adamwaite,2012-02-10T12:38:28Z,1,202,268,1,1,25.62686567164179
713431,benjaminmayo,2011-04-06T16:12:49Z,1,373,385,2,2,25.189610389610387
15038803,SkrewEverything,2015-10-08T19:28:13Z,1,20,27,1,1,25.185185185185187
8287601,aslanyanhaik,2014-07-28T08:36:22Z,1,34,115,1,1,25.130434782608695
2633131,billabt,2012-10-23T16:05:39Z,1,249,676,1,1,25.047337278106507
5126193,paulofaria,2013-07-31T04:02:56Z,1,345,460,2,4,24.374999999999996
854860,ArtSabintsev,2011-06-16T19:34:29Z,1,706,842,1,2,24.31591448931116
12518061,fahidattique55,2015-05-19T19:18:31Z,1,18,19,1,1,23.68421052631579
358485,p2,2010-08-09T10:53:47Z,1,392,503,31,42,23.008614976805834
7799382,saoudrizwan,2014-06-04T23:03:46Z,1,172,241,2,2,22.83817427385892
798235,yannickl,2011-05-19T14:05:03Z,1,211,265,2,3,22.825157232704402
5750489,loganwright,2013-10-22T20:07:54Z,1,1130,5463,13,68,21.828342539651775
905059,daltoniam,2011-07-09T18:54:44Z,3,485,2502,25,81,21.299010174576384
928979,JensRavens,2011-07-20T22:50:46Z,1,104,142,1,1,20.507042253521124
7347118,ra1028,2014-04-19T14:51:29Z,1,162,166,1,1,20.493975903614455
746571,bryankeller,2011-04-22T21:19:14Z,1,37,47,1,2,20.46808510638298
7470393,JiriTrecak,2014-05-02T21:09:50Z,1,85,117,1,1,20.341880341880344
135203,mbrandonw,2009-10-05T11:02:45Z,1,550,2027,2,6,19.717151784246013
941453,ldiqual,2011-07-27T07:31:30Z,1,78,106,22,45,18.70691823899371
4675020,JeremyChiang,2013-06-11T23:53:10Z,1,244,274,1,1,18.7007299270073
1665104,tid-kijyun,2012-04-21T07:31:21Z,1,265,305,1,2,18.245901639344265
8875768,phimage,2014-09-23T12:32:01Z,1,258,719,41,71,18.23471566534114
6781027,CocoaDebug,2014-02-25T09:55:30Z,1,565,946,1,2,17.32029598308668
216089,AliSoftware,2010-03-04T21:27:14Z,2,705,2852,6,11,17.258702027285477
12281292,twittemb,2015-05-06T20:09:25Z,1,155,199,1,2,17.1356783919598
1194497,jrendel,2011-11-14T19:36:05Z,1,113,219,1,1,17.027397260273972
495617,pmusolino,2010-11-24T21:36:31Z,1,199,261,1,1,16.773946360153257
13974049,Lision,2015-08-26T02:54:24Z,1,49,51,1,1,16.333333333333332
2883841,Ekhoo,2012-11-25T11:06:55Z,1,90,187,1,1,15.882352941176471
2284279,onmyway133,2012-09-05T11:14:28Z,1,150,153,1,1,15.686274509803923
3029684,JohnEstropia,2012-12-13T00:29:16Z,2,1011,1650,5,40,15.624545454545455
2466729,jpotts18,2012-10-01T20:19:07Z,1,95,225,1,1,15.622222222222222
139364,dfed,2009-10-13T20:14:05Z,1,302,521,2,6,15.457453614843248
10851262,willpowell8,2015-02-04T15:49:28Z,1,159,160,2,4,14.90625
13040996,umerkhan-apple,2015-06-24T23:35:48Z,1,46,407,1,1,14.805896805896806
34214574,Mortennn,2017-12-03T16:03:51Z,1,64,93,1,2,14.795698924731182
342412,mattdonnelly,2010-07-23T23:20:33Z,1,130,397,4,8,14.408060453400504
12059800,gee1k,2015-04-22T01:33:05Z,1,497,557,1,2,14.276481149012568
183747,radex,2010-01-16T21:00:09Z,1,154,647,1,1,14.043276661514682
68616,jeffh,2009-03-30T13:28:40Z,1,482,1644,1,2,13.48661800486618
439362,normanmaurer,2010-10-14T13:33:48Z,1,391,1658,8,26,13.351396492530387
21696764,tbkka,2016-09-01T23:54:31Z,1,650,1903,4,10,13.252758801891751
1093266,thebnich,2011-09-30T17:12:57Z,2,1002,9337,11,48,12.985112991324836
4613643,Boris-Em,2013-06-04T17:39:29Z,1,150,186,1,3,12.634408602150538
242367,raphlinus,2010-04-12T17:34:53Z,1,202,1047,1,1,12.540592168099332
1096585,suzuki-0000,2011-10-02T14:10:29Z,1,164,623,1,1,11.845906902086679
739696,rnystrom,2011-04-19T18:25:31Z,1,554,1908,6,12,11.75943396226415
405,timburks,2008-02-19T04:26:47Z,1,522,1178,7,19,10.9381645965508
28052,st3fan,2008-10-08T03:23:17Z,1,903,8374,9,42,10.698650585144495
188413,eofster,2010-01-23T17:49:31Z,1,1889,2347,1,4,10.463144439710268
1577319,weichsel,2012-03-26T18:35:12Z,1,415,477,1,1,10.440251572327044
551004,rafaelks,2011-01-06T21:45:43Z,1,3260,7210,8,25,10.41753120665742
4860897,shardul89,2013-06-28T04:32:16Z,1,156,229,1,2,10.218340611353712
13651296,rxhanson,2015-08-05T00:11:05Z,1,285,342,1,4,10.208333333333332
633862,icanzilb,2011-02-23T12:16:17Z,1,57,218,1,1,9.935779816513762
5191832,dfirsht,2013-08-08T17:37:25Z,1,166,1160,10,39,9.833775419982317
11001224,Ji4n1ng,2015-02-14T02:14:21Z,1,164,212,2,4,9.669811320754716
6138120,RamonGilabert,2013-12-08T23:13:57Z,1,141,601,1,1,9.618968386023294
2895107,kasketis,2012-11-26T19:50:31Z,1,75,398,2,2,9.610552763819095
663605,pepibumur,2011-03-11T07:58:23Z,2,1475,4025,2,7,9.423247559893523
1302,mdiep,2008-02-27T23:31:47Z,2,1196,12874,11,52,9.275749572782352
14206503,kmikiy,2015-09-09T21:06:33Z,1,328,365,1,4,9.210958904109589
665846,p0deje,2011-03-12T16:07:52Z,1,220,234,1,2,8.931623931623932
1786033,johnno1962,2012-05-28T15:35:33Z,1,111,144,7,14,8.864583333333332
49038,orta,2009-01-24T20:40:31Z,3,456,5213,9,39,8.680074960527675
106625,ddunbar,2009-07-19T20:34:30Z,1,572,5117,2,10,8.674457690052767
624238,weissi,2011-02-17T22:55:00Z,1,665,1658,3,26,8.51535677832421
521581,ptsochantaris,2010-12-13T19:07:31Z,1,447,1216,1,2,8.27097039473684
1270392,mssun,2011-12-18T01:22:56Z,1,719,1261,29,73,8.154389319196548
6762769,mozharovsky,2014-02-23T12:33:01Z,1,133,359,1,5,7.928133704735377
27570,colinta,2008-10-04T17:51:46Z,2,4846,10979,2,31,7.888032578324015
16309982,broadwaylamb,2015-12-15T18:11:35Z,1,258,328,1,3,7.865853658536585
967800,JohnCoates,2011-08-09T00:51:19Z,1,102,1213,2,9,7.568013190436933
107645,argon,2009-07-22T14:42:26Z,1,149,819,4,10,7.131623931623932
284197,TadeasKriz,2010-05-22T15:48:05Z,1,102,445,2,2,7.105617977528089
8573865,mats-claassen,2014-08-27T23:20:43Z,1,146,849,1,7,7.026081103819619
53129,mtigas,2009-02-09T20:51:46Z,1,112,1051,6,11,6.917048698209497
7189384,aixinyunchou,2014-04-05T13:59:27Z,1,17,132,2,2,6.696969696969696
1260850,overtake,2011-12-13T16:56:53Z,1,329,1134,1,4,6.165123456790123
54485,martijnwalraven,2009-02-14T10:22:35Z,1,335,2154,5,10,6.14322191272052
1641795,vikmeup,2012-04-13T22:56:55Z,3,902,4189,4,189,6.02912389591788
1382556,Lukasa,2012-01-26T16:58:46Z,1,219,1658,6,26,5.60861093068572
914329,djyde,2011-07-14T05:58:22Z,1,54,184,1,2,5.576086956521739
5279928,thomasvl,2013-08-21T16:18:23Z,1,1052,1903,1,10,5.3622700998423545
8127757,omaralbeik,2014-07-10T18:36:20Z,2,412,2494,3,35,5.30988658494673
909674,ikesyo,2011-07-12T07:56:48Z,3,1129,6091,3,61,5.0137127877465
1275218,pkluz,2011-12-20T13:09:31Z,1,45,259,1,2,4.777992277992277
6239057,qinyuhang,2013-12-22T01:08:43Z,1,23,559,3,26,4.747488647309757
16103068,shmuelk,2015-12-01T15:23:01Z,1,112,1160,7,39,4.644385499557913
715129,mikeger,2011-04-07T11:38:55Z,1,989,5542,12,54,4.52087092505714
1976498,designatednerd,2012-07-14T20:23:03Z,1,1183,2154,1,10,4.338765088207985
606991,nlutsenko,2011-02-08T15:35:08Z,1,59,194,4,31,4.27735284336548
1567498,schickling,2012-03-23T08:57:37Z,1,58,256,4,12,4.153645833333333
12459,steam,2008-06-03T17:41:03Z,2,1663,10979,3,31,4.060399766122422
988998,theginbin,2011-08-18T15:42:13Z,1,222,2027,1,6,3.9792797237296496
491013,laktyushin,2010-11-21T21:23:14Z,1,2121,16817,1,3,3.951834453231849
106195,lwouis,2009-07-18T01:00:45Z,1,369,754,2,4,3.6704244031830235
6007760,caiyue1993,2013-11-22T06:40:19Z,1,364,462,1,9,3.589225589225589
2075801,entotsu,2012-08-01T07:04:56Z,1,36,92,1,5,3.4434782608695658
878993,dongri,2011-06-27T14:51:16Z,1,199,719,10,71,3.4304295872593
28851,phatblat,2008-10-14T03:38:32Z,3,605,8137,3,31,3.27387441674232
1957636,glennrfisher,2012-07-11T16:15:40Z,1,839,3556,2,10,3.2559617547806528
1506193,aschuch,2012-03-06T08:50:16Z,4,213,6926,5,42,3.1998473660327544
937441,turacma,2011-07-25T14:35:22Z,1,6,201,1,1,3.134328358208955
153225,ChristianKienle,2009-11-14T13:09:56Z,1,511,3681,3,14,2.915240423797881
3789179,iamjono,2013-03-06T16:27:42Z,1,27,800,2,15,2.9069999999999996
242131,literator,2010-04-12T11:17:30Z,1,39,623,1,1,2.754414125200642
7790907,yishilin14,2014-06-04T08:07:53Z,1,284,1261,24,73,2.6655948203752184
20216766,alexyu1989,2016-06-30T02:19:21Z,1,31,343,1,3,2.410106899902818
16784982,vadimeisenbergibm,2016-01-19T20:06:46Z,1,194,1160,2,39,2.2984969053934567
1310293,rfdickerson,2012-01-06T20:30:02Z,2,302,4716,5,49,2.2020996693842934
19900327,vinayak-codigami,2016-06-13T05:51:55Z,1,33,229,1,2,2.1615720524017465
437043,sendhil,2010-10-12T19:11:35Z,1,1759,51550,93,274,1.980458133624077
1435271,aerych,2012-02-14T01:35:02Z,1,4588,51550,32,274,1.777420830176924
3758731,OlegGordiichuk,2013-03-03T22:05:50Z,1,211,2272,2,10,1.764524647887324
159493,bontoJR,2009-11-29T15:56:58Z,2,75,3686,2,14,1.7527711030152702
8962264,chashmeetsingh,2014-09-29T17:52:02Z,1,94,262,2,10,1.6503816793893131
1026240,mddub,2011-09-05T01:16:50Z,1,11,1286,1,2,1.6337480559875583
91722,rnewman,2009-06-04T06:36:33Z,1,1235,8374,1,42,1.6257946933251446
5009041,codeOfRobin,2013-07-14T23:17:11Z,1,13,117,1,2,1.6111111111111112
6117280,filipealva,2013-12-05T20:01:08Z,2,821,7368,2,29,1.5676738178142198
1024755,acmacalister,2011-09-04T02:36:49Z,2,43,798,5,41,1.5442569839232227
3143487,montehurd,2012-12-28T17:58:53Z,1,5426,30980,3,31,1.525458672608759
7445580,SD10,2014-04-30T02:41:07Z,1,629,1636,1,33,1.4679928873082906
400296,FredericJacobs,2010-09-15T13:47:46Z,1,376,19154,17,69,1.3977388459367477
789577,getaaron,2011-05-15T19:04:51Z,1,40,842,1,2,1.3776722090261282
5387400,channemann,2013-09-05T02:07:20Z,1,9,1286,1,2,1.3367029548989113
4603353,daehn,2013-06-03T17:47:14Z,1,694,5542,5,54,1.32182525361883
4400286,sblatz,2013-05-10T22:45:34Z,1,113,963,1,6,1.2712011076497056
8887706,jesiegel1,2014-09-23T21:18:58Z,1,10,138,1,3,1.256038647342995
7887319,polqf,2014-06-14T10:18:40Z,1,70,256,1,12,1.2532552083333333
1579644,cjwirth,2012-03-27T12:33:59Z,2,106,1298,2,42,1.2444053122019223
444217,bgerstle,2010-10-18T16:15:31Z,1,1651,30980,8,31,1.2377600533122306
117466,MrMage,2009-08-20T11:22:50Z,1,206,1178,2,19,1.2333124832454652
8739,koke,2008-04-28T16:12:39Z,1,3761,51550,27,274,1.2293738628077058
6609246,rolivieri,2014-02-06T20:44:50Z,1,100,1160,2,39,1.1847922192749778
64771,coreyfloyd,2009-03-19T03:14:38Z,1,2524,30980,5,31,1.182656864990941
5277837,zntfdr,2013-08-21T11:24:49Z,1,21,397,2,8,1.163727959697733
1062427,allevato,2011-09-19T15:33:18Z,1,76,1903,3,10,1.1621650026274304
212465,robb,2010-02-28T11:23:17Z,1,102,4225,5,41,1.1541059315918603
2094466,jakubvano,2012-08-04T13:07:25Z,1,199,902,1,19,1.1379390827401097
598870,cloudkite,2011-02-03T16:24:13Z,1,7,510,1,5,1.0925490196078431
6759734,PhilJay,2014-02-22T23:15:59Z,1,15,1713,1,5,1.0788091068301227
217057,michaelkirk,2010-03-06T09:56:12Z,1,2362,19154,2,69,1.0329972321973084
1951674,Joannis,2012-07-10T18:13:47Z,2,800,6735,3,258,1.0027451183508571
1195260,jleandroperez,2011-11-15T01:34:09Z,2,6981,53616,10,283,0.9707764835769713
15961043,inf2381,2015-11-21T22:01:25Z,1,506,3681,1,14,0.9622385221407225
1097182,ncalexan,2011-10-02T20:16:07Z,1,180,8374,4,42,0.9478317240438091
7156,typfel,2008-04-14T01:22:41Z,1,822,5542,3,54,0.9393720678455432
4190298,BasThomas,2013-04-18T10:16:49Z,1,126,1908,2,12,0.8915094339622641
373903,astralbodies,2010-08-23T21:22:14Z,1,1856,51550,39,274,0.8763134084263737
117089,tladesignz,2009-08-19T15:30:53Z,1,84,1051,1,11,0.8646310872761872
1934212,EricMuller22,2012-07-06T21:54:16Z,1,30,521,1,6,0.7677543186180422
2769158,Camji55,2012-11-11T01:58:36Z,1,26,212,1,4,0.7665094339622641
6454286,jesster2k10,2014-01-20T20:40:30Z,1,8,92,1,5,0.7652173913043478
51020,jshier,2009-02-02T04:01:34Z,1,174,1462,1,177,0.731572723689397
8356717,bkmunar,2014-08-04T22:51:43Z,1,65,963,1,6,0.7312218760816892
625803,charlesmchen,2011-02-18T19:13:26Z,1,3302,19154,1,69,0.7220484463834701
36971200,michaelkirk-signal,2018-03-01T21:12:42Z,1,3198,19154,1,69,0.6993067630328096
15193942,Sherlouk,2015-10-19T10:33:05Z,1,62,1908,3,12,0.6580188679245282
620000,marcoconti83,2011-02-15T21:35:17Z,1,214,5542,8,54,0.6521512490476763
57446,zenangst,2009-02-24T11:23:48Z,1,28,144,2,14,0.6388888888888887
125896,alistairmcmillan,2009-09-11T20:41:36Z,1,16,1213,1,9,0.5935696619950536
1423497,ianpartridge,2012-02-09T16:09:56Z,1,99,1160,1,39,0.5864721485411141
12613048,fluffyemily,2015-05-26T15:31:37Z,1,429,8374,1,42,0.5647497355761029
59671,robrix,2009-03-03T11:42:59Z,1,78,4225,3,41,0.52953095684803
147247,tomerd,2009-10-31T22:01:06Z,1,30,1658,4,26,0.5122019114781479
685609,NachoSoto,2011-03-23T08:22:22Z,1,278,8649,2,11,0.4675264612829649
22635,alanjrogers,2008-08-31T05:09:54Z,2,192,12863,2,82,0.4609022285511668
64405225,haosap,2020-04-27T09:00:32Z,1,224,3681,1,14,0.4259712034773159
26331126,noah978,2017-03-10T17:00:30Z,1,3,392,2,5,0.4040816326530612
1230554,palmin,2011-11-30T11:26:22Z,1,16,470,1,8,0.3872340425531915
898064,ludagoo,2011-07-06T12:14:25Z,1,7,800,1,15,0.3768333333333333
2182121,czechboy0,2012-08-20T08:41:23Z,2,55,6110,5,71,0.36260113874737787
64405765,steins-code,2020-04-27T09:11:16Z,1,184,3681,1,14,0.34990491714208094
782837,jdhealy,2011-05-12T01:33:29Z,1,153,4225,1,41,0.3462317794775581
1221567,IMcD23,2011-11-26T06:58:25Z,1,14,470,1,8,0.33882978723404256
6835876,paulw11,2014-03-03T04:26:37Z,1,5,106,6,45,0.3270440251572327
2954549,rymcol,2012-12-03T18:53:18Z,1,6,800,1,15,0.32299999999999995
1353840,ketzusaka,2012-01-19T15:39:07Z,1,52,5463,4,68,0.30907387666763575
6363626,schen22,2014-01-09T21:44:26Z,1,158,3556,1,10,0.3065804274465692
1382565,ollieatkinson,2012-01-26T17:00:50Z,1,168,3057,1,6,0.2930978083087995
684805,jenskasemets,2011-03-22T21:50:09Z,1,105,5542,7,54,0.2799831589077349
5719520,rodionovd,2013-10-18T15:39:43Z,1,21,819,1,10,0.2512820512820513
4879954,Sdaswani,2013-06-29T07:39:13Z,1,10,963,2,6,0.22499134648667357
5884708,cody1024d,2013-11-08T02:04:15Z,1,4,265,1,3,0.21635220125786161
114322,KingOfBrian,2009-08-11T21:03:24Z,1,9,1282,1,2,0.2141185647425897
1141680,thanegill,2011-10-20T20:16:01Z,1,2,475,1,1,0.1936842105263158
156182,corbett,2009-11-21T00:03:12Z,1,49,19154,17,69,0.18215213683750167
6741676,neugartf,2014-02-20T20:40:21Z,1,3,359,1,5,0.17883008356545962
629432,alexdd55,2011-02-21T07:33:58Z,1,3,397,2,8,0.16624685138539042
4385357,dasdom,2013-05-09T09:15:34Z,1,20,3681,4,14,0.15213257267046995
12917107,na-gupta,2015-06-16T18:06:29Z,1,23,1160,1,39,0.13625110521662243
42901,shnhrrsn,2008-12-27T17:45:46Z,1,88,5463,1,68,0.13076202474399976
154014,bummytime,2009-11-16T19:14:54Z,2,1041,53616,9,283,0.13028512927421063
1836005,diegoreymendez,2012-06-10T17:10:41Z,1,1940,51550,5,274,0.1174325826389233
651601,SergioEstevao,2011-03-04T20:02:42Z,1,3149,51550,3,274,0.11436965032885656
2766321,davidrothera,2012-11-10T14:06:43Z,1,8,557,1,10,0.11059245960502694
360470,hewigovens,2010-08-11T02:57:38Z,1,2,58,1,5,0.1103448275862069
2771,andymatuschak,2008-03-10T21:23:20Z,1,42,8638,1,41,0.10364865399059177
167236,alejandro-isaza,2009-12-14T06:27:18Z,1,23,2272,1,10,0.09617077464788733
1614904,thenikso,2012-04-05T09:41:40Z,1,19,8638,2,41,0.09377735361053542
1117644,wesj,2011-10-10T20:55:16Z,1,70,8374,1,42,0.09215030650425922
1946610,segiddins,2012-07-10T02:19:26Z,2,7,6775,5,22,0.08993626299899363
16365760,SimplyDanny,2015-12-19T22:01:30Z,1,228,1261,1,73,0.08916602392100202
4627645,hotwinter,2013-06-06T05:52:52Z,1,1,142,1,4,0.08626760563380281
1476787,curtisdf,2012-02-26T22:55:54Z,1,21,551,1,53,0.08413519158990515
194250,prenagha,2010-02-02T02:35:08Z,1,6,557,1,10,0.0829443447037702
3105373,xu-cheng,2012-12-22T14:47:15Z,1,6,2840,1,14,0.07967806841046278
11586922,kweinmeister,2015-03-21T15:34:11Z,1,13,1160,1,39,0.07701149425287356
3943692,varkor,2013-03-22T17:55:28Z,1,57,8374,1,42,0.07503667815346822
59080,DivineDominion,2009-03-01T12:54:56Z,1,5,557,1,10,0.06912028725314183
56719,ccheever,2009-02-22T03:07:15Z,1,1,392,1,5,0.0673469387755102
198768,kcharwood,2010-02-07T03:34:39Z,1,8,1462,2,177,0.06727105505189857
11842328,quentinlesceller,2015-04-07T20:33:23Z,1,6,106,1,45,0.06540880503144655
41975,dusek,2008-12-21T19:41:01Z,1,49,8374,1,42,0.06450521455298144
3322446,NathanFlurry,2013-01-20T18:30:40Z,1,20,5463,2,68,0.05943728397454533
1873422,kurzee,2012-06-20T17:44:40Z,1,1632,51550,3,274,0.05927318810311016
1742284,demonar,2012-05-15T13:43:58Z,1,3,256,1,12,0.0537109375
147686,sharplet,2009-11-02T10:24:47Z,1,54,8649,1,11,0.04540724623971242
13162840,gingerr,2015-07-03T07:59:12Z,1,9,754,1,4,0.04476127320954907
515035,mikejohnstn,2010-12-08T17:50:37Z,1,351,51550,10,274,0.042493645882744416
6182351,MacMeDan,2013-12-14T00:56:35Z,1,18,1636,1,33,0.042009335407868414
850045,reesemclean,2011-06-14T18:06:55Z,1,3,557,1,10,0.0414721723518851
708277,droid-Q,2011-04-04T12:22:04Z,1,3,2840,1,14,0.03983903420523139
3630554,Crocmagnon,2013-02-18T21:27:45Z,1,1,342,1,4,0.035818713450292396
5857998,BenchR267,2013-11-05T07:43:37Z,1,1,460,1,4,0.035326086956521736
30133,liscio,2008-10-21T12:22:24Z,1,42,8649,1,11,0.03531674707533188
12032343,ishaan1995,2015-04-20T11:14:16Z,1,2,262,2,10,0.035114503816793895
102331,AaronMT,2009-07-07T00:54:11Z,1,13,8374,2,42,0.03422725670158199
1783465,vzsg,2012-05-27T19:52:34Z,1,23,5463,1,68,0.03417643828536357
5823445,NicolasMahe,2013-10-31T13:53:47Z,1,11,803,1,45,0.03378995433789954
3834345,lfaoro,2013-03-11T17:51:52Z,2,4,8434,2,25,0.030656865069954943
24421,sarahhodne,2008-09-13T09:59:01Z,1,12,8638,1,41,0.02961390114016908
2420882,gsaslis,2012-09-25T14:46:55Z,1,70,7210,1,25,0.02796116504854369
3356474,skywinder,2013-01-23T16:07:39Z,2,10,4719,2,204,0.027922166959600116
45469,ljharb,2009-01-10T01:28:02Z,2,1,2241,2,8,0.027554663096831772
313157,germanattanasio,2010-06-23T22:56:06Z,1,14,3556,1,10,0.027165354330708665
2270433,LeoNatan,2012-09-03T11:34:21Z,1,2,2840,1,14,0.026559356136820925
190134,pdokas,2010-01-26T14:21:41Z,1,3,6297,1,2,0.02572653644592663
1039147,jvisenti,2011-09-09T16:58:15Z,1,1,1282,1,2,0.02379095163806552
1180701,alcarvalho,2011-11-08T13:47:40Z,1,8,3257,1,27,0.023288870694458657
1267282,Evertt,2011-12-16T07:25:28Z,1,7,5463,2,68,0.02080304939109087
789137,roundhill,2011-05-15T12:58:21Z,1,534,51550,3,274,0.019394535813150017
2606672,JonasVautherin,2012-10-20T14:04:33Z,1,6,1178,1,19,0.017960861406487356
926772,MarvinNazari,2011-07-20T01:54:41Z,1,1,256,1,12,0.017903645833333332
1583873,mariobehling,2012-03-28T15:13:30Z,1,2,262,1,10,0.017557251908396947
16309034,betterclever,2015-12-15T16:55:59Z,1,2,262,1,10,0.017557251908396947
79941,Strilanc,2009-05-01T14:04:21Z,1,26,19154,3,69,0.017056262512995354
44164,kylef,2009-01-04T22:54:57Z,3,10,7851,3,377,0.016723950420075226
2541374,timestretch,2012-10-12T02:01:22Z,1,2,551,2,53,0.01602575077902955
118992,neonichu,2009-08-24T18:46:15Z,3,14,8754,3,258,0.015286035353937867
1274858,dennislaupman,2011-12-20T09:46:25Z,1,1,2194,1,6,0.014813126709206927
3904502,tomwitkin,2013-03-19T00:33:08Z,1,370,51550,3,274,0.013438161518474729
247049,mackross,2010-04-19T06:29:33Z,1,1,1384,1,14,0.013418662262592897
3541185,ricardopereira,2013-02-12T11:42:59Z,1,2,574,1,36,0.013066202090592335
5308013,dtsbourg,2013-08-25T21:38:38Z,1,29,19154,2,69,0.012682861868637573
619602,johngibb,2011-02-15T17:41:54Z,1,3,1462,1,177,0.012613322822230981
59564,joshuatbrown,2009-03-03T01:58:24Z,1,3,1462,1,177,0.012613322822230981
1279756,Casperhr,2011-12-22T11:06:15Z,1,8,5463,1,68,0.011887456794909067
15701493,andreaantonioni,2015-11-07T08:51:14Z,1,5,1636,1,33,0.011669259835519004
306467,jlyonsmith,2010-06-16T06:05:22Z,1,2,902,1,19,0.011436573695880498
3419988,nicolasbigot,2013-01-29T19:06:09Z,2,2,2036,2,213,0.011280518737836318
1220715,irbrad,2011-11-25T17:34:46Z,1,167,51550,5,274,0.01010888726840216
2487031,gungorbasa,2012-10-04T14:38:35Z,1,4,1636,1,33,0.009335407868415203
24247,joshvera,2008-09-12T01:45:49Z,1,4,4225,1,41,0.009051811228171454
733151,timominous,2011-04-16T10:17:08Z,1,3,5463,2,68,0.0089155925961818
16978820,chiragw15,2016-01-30T20:44:53Z,1,1,262,1,10,0.008778625954198474
429790,michaelmcguire,2010-10-06T16:08:12Z,1,3,3257,1,27,0.008733326510421996
8658164,rachelmcr,2014-09-04T16:47:04Z,1,102,51550,7,274,0.008644006598370231
1707598,Baza207,2012-05-05T01:59:09Z,1,2,1462,1,177,0.00840888188148732
55742,kvangork,2009-02-18T23:40:13Z,1,2,551,1,53,0.008012875389514776
2417569,carllindberg,2012-09-25T05:24:33Z,1,1,551,2,53,0.008012875389514776
84700,paulyoung,2009-05-14T21:31:13Z,2,3,7482,2,68,0.007641869899523562
867483,jwilling,2011-06-22T17:20:28Z,1,3,8638,1,41,0.00740347528504227
1496135,MrAlek,2012-03-03T10:59:07Z,1,2,2154,1,10,0.00733519034354689
1119259,basine,2011-10-11T11:45:46Z,1,18,5542,1,54,0.006856730422230242
1158819,kwonye,2011-10-28T22:15:32Z,1,526,51550,1,274,0.006367993656502439
289994,johndpope,2010-05-28T16:01:05Z,1,2,1178,1,19,0.005986953802162452
1173057,bootstraponline,2011-11-04T18:18:57Z,1,2,1178,1,19,0.005986953802162452
307819,SRandazzo,2010-06-17T16:09:36Z,1,2,3257,1,27,0.005822217673614664
1854704,gfpoliva,2012-06-15T17:27:44Z,1,1,902,1,19,0.005718286847940249
1726321,hamdshah,2012-05-10T11:43:49Z,1,2,1636,1,33,0.0046677039342076015
11842593,jdmcd,2015-04-07T20:56:51Z,1,3,5463,1,68,0.0044577962980909
248861,nvh,2010-04-21T09:01:19Z,1,1,1462,1,177,0.00420444094074366
995208,mattcantstop,2011-08-22T01:41:20Z,1,1,1462,1,177,0.00420444094074366
238331,brow,2010-04-06T23:29:46Z,1,1,1462,1,177,0.00420444094074366
1528255,LarsJK,2012-03-12T10:00:57Z,1,1,1462,1,177,0.00420444094074366
100976,an0,2009-07-02T09:33:10Z,1,1,551,1,53,0.004006437694757388
5877910,TheReal1604,2013-11-07T09:23:28Z,1,5,7210,2,25,0.003994452149791956
1758170,glennschmidt,2012-05-21T04:17:09Z,1,2,503,1,42,0.003786802991574363
3419766,colemancda,2013-01-29T18:36:48Z,1,5,1272,1,190,0.003599801390268123
4486119,ttyz,2013-05-21T06:03:43Z,1,9,1261,1,73,0.0035197114705658693
662023,oguzkocer,2011-03-10T13:57:22Z,1,259,51550,1,274,0.0031355710209774366
106813,msamoylov,2009-07-20T11:03:14Z,1,1,803,1,45,0.0030718140307181402
1882080,valeriomazzeo,2012-06-22T18:06:52Z,1,1,5463,2,68,0.0029718641987272667
1012467,DaveWoodCom,2011-08-29T17:37:22Z,1,2,1272,2,190,0.0028798411122144983
25293161,gradler,2017-01-23T07:04:23Z,1,6,7210,1,25,0.0023966712898751737
10133190,kormic,2014-12-09T18:22:18Z,1,2,7210,3,25,0.0023966712898751733
5675392,bojanstef,2013-10-13T10:02:00Z,1,1,1636,1,33,0.0023338519671038008
9067177,mding5692,2014-10-08T04:02:41Z,1,1,1636,1,33,0.0023338519671038008
125011,MikeMcQuaid,2009-09-09T18:00:06Z,1,1,4225,1,41,0.0022629528070428635
234261,rodrigok,2010-03-31T16:32:02Z,1,4,7210,1,25,0.0015977808599167823
1002811,davidjb,2011-08-24T23:54:42Z,1,4,1261,1,73,0.0015643162091403865
3814772,AndrewSB,2013-03-09T04:21:00Z,1,2,7722,1,4,0.0013597513597513598
4068390,ilhanadiyaman,2013-04-05T11:40:02Z,1,1,8374,1,42,0.001316432950060846
3347534,abolishme,2013-01-23T04:40:03Z,1,3,19154,2,69,0.001312020193307335
19795,beaucollins,2008-08-06T17:58:20Z,1,54,51550,2,274,0.0013074967963921358
1595739,allendav,2012-04-01T15:50:31Z,1,82,51550,1,274,0.0009927290491125475
13586174,ChristianSteffens,2015-07-31T09:45:44Z,1,1,1272,1,190,0.0007199602780536246
9986928,thaak-teleboy,2014-11-28T08:45:25Z,1,1,1272,1,190,0.0007199602780536246
283886,keith,2010-05-22T03:16:16Z,1,1,1272,1,190,0.0007199602780536246
149731,dannylagrouw,2009-11-06T13:16:52Z,1,33,51550,1,274,0.0003995129100087082
11516756,c-g-owen,2015-03-17T07:56:03Z,1,1,5542,1,54,0.0003809294679016801
108218,jstart,2009-07-24T06:18:46Z,1,23,51550,1,274,0.00027844839182425115
947995,hubert3,2011-07-30T03:32:35Z,1,1,19154,1,69,0.00021867003221788918
319636,garza,2010-07-01T04:39:49Z,1,10,51550,1,274,0.00012106451818445702
618551,davewhitley,2011-02-15T04:18:12Z,1,3,51550,1,274,3.63193554553371e-05
66797,lancewillett,2009-03-25T01:32:42Z,1,1,51550,1,274,1.2106451818445702e-05
19248046,linbx08,2016-05-08T07:08:58Z,1,0,58,1,5,0.0
153967,krisives,2009-11-16T17:04:11Z,1,0,1272,1,190,0.0
5779307,UberJason,2013-10-26T03:45:41Z,1,0,1272,1,190,0.0
1761404,Baigle,2012-05-21T21:50:22Z,1,0,19154,2,69,0.0
4973126,Tripwire999,2013-07-09T11:56:55Z,1,0,160,1,4,0.0
785333,zxy198717,2011-05-13T04:55:13Z,1,0,313,1,7,0.0
8822535,KoalaBoomka,2014-09-18T15:53:26Z,1,0,5542,3,54,0.0
183958,haemi,2010-01-17T10:12:56Z,1,0,160,1,4,0.0
7418271,Calefornia,2014-04-27T05:37:20Z,1,0,19154,1,69,0.0
2375979,shoaibhussan,2012-09-19T05:43:02Z,1,0,1704,1,40,0.0
21126201,Goule,2016-08-19T14:00:07Z,1,0,1272,1,190,0.0
1004491,rbukovansky,2011-08-25T16:01:52Z,1,0,1272,1,190,0.0
20036490,ashiqsulaimanbaryons,2016-06-20T04:23:32Z,1,0,1272,1,190,0.0
12748171,sevenbanks,2015-06-04T13:46:59Z,1,0,1272,1,190,0.0
17851924,aniketc-gslab,2016-03-15T13:22:20Z,1,0,1704,1,40,0.0
72914,huertanix,2009-04-12T05:47:48Z,1,0,19154,1,69,0.0
26886,kiokumicu,2008-09-30T10:58:58Z,1,0,1272,1,190,0.0
922026,jparishy,2011-07-18T04:24:16Z,1,0,1272,1,190,0.0
8367760,CoderAFI,2014-08-05T21:35:56Z,1,0,1272,1,190,0.0
20773876,wire-bot,2016-08-01T13:36:53Z,1,0,5542,2,54,0.0
147281,jckarter,2009-11-01T02:58:13Z,1,0,1272,1,190,0.0
9809181,EllimanMC,2014-11-17T21:18:24Z,1,0,1272,1,190,0.0
28531470,kalpeshjjethva,2017-05-08T10:50:03Z,1,0,1272,1,190,0.0
1464823,awd1559,2012-02-23T09:09:46Z,1,0,313,1,7,0.0
16730661,okankocyigit,2016-01-16T07:47:49Z,1,0,1704,1,40,0.0
2271265,fuzzyroddis,2012-09-03T14:06:12Z,1,0,19154,2,69,0.0
10197945,michaelEllisUy,2014-12-15T16:43:46Z,1,0,313,2,7,0.0
35112117,MohammadArnauti,2018-01-04T18:01:30Z,1,0,1272,1,190,0.0
8513826,daconghz,2014-08-21T13:14:23Z,1,0,1272,1,190,0.0
1391,ashchan,2008-02-28T02:13:48Z,1,0,1272,1,190,0.0
13534354,luke-park,2015-07-28T07:07:52Z,1,0,1272,1,190,0.0
3612217,ruslan120101,2013-02-16T16:56:09Z,1,0,3556,2,10,0.0
8058386,simonmcl,2014-07-03T12:42:29Z,1,0,3556,1,10,0.0
29884011,mohdimran3pg,2017-07-04T07:00:29Z,1,0,1272,1,190,0.0
666991,jfgrang,2011-03-13T14:12:01Z,1,0,3556,1,10,0.0
20349657,jigarPatel37,2016-07-08T04:14:43Z,1,0,1704,1,40,0.0
30791194,IshwaryaRaja,2017-08-07T06:01:15Z,1,0,1272,1,190,0.0
16274464,gyzerocc,2015-12-13T07:17:31Z,1,0,1272,1,190,0.0
148156,manju1981,2009-11-03T07:41:28Z,1,0,1704,1,40,0.0
512439,moxie0,2010-12-07T01:20:21Z,1,0,19154,2,69,0.0
32328557,pranav1605,2017-09-27T10:44:53Z,1,0,1272,1,190,0.0
4961474,fabrijp,2013-07-08T02:50:44Z,1,0,1272,1,190,0.0
2715854,miguelgrinberg,2012-11-03T16:29:31Z,1,0,1704,1,40,0.0
2768159,MobileMon,2012-11-10T20:53:54Z,1,0,313,1,7,0.0
1450277,jtansley,2012-02-19T00:35:41Z,1,0,3556,1,10,0.0
523041,Frizlab,2010-12-14T17:39:11Z,1,0,1272,1,190,0.0
8322537,Janzin,2014-07-31T17:37:11Z,1,0,19154,1,69,0.0
6401619,SunnyGit,2014-01-14T17:18:53Z,1,0,1272,1,190,0.0
5082970,samynu,2013-07-24T16:58:51Z,1,0,1272,1,190,0.0
3803268,hamada147,2013-03-07T22:51:32Z,1,0,1272,1,190,0.0
6601879,princenaman,2014-02-06T05:20:43Z,1,0,1704,1,40,0.0
580463,ldrr,2011-01-24T09:49:47Z,1,0,1272,1,190,0.0
7099333,thehellsoul,2014-03-29T08:57:31Z,1,0,1272,1,190,0.0
15784970,shashidev,2015-11-10T14:42:25Z,1,0,1272,1,190,0.0
274318,markst,2010-05-12T10:01:46Z,1,0,1272,1,190,0.0
13159169,narendrabade,2015-07-03T01:58:08Z,1,0,144,1,14,0.0
19972511,u32i64,2016-06-16T10:00:28Z,1,0,19154,1,69,0.0
11326414,TheStash,2015-03-05T05:21:45Z,1,0,19154,1,69,0.0
91493,AJolly,2009-06-03T16:07:30Z,1,0,5542,1,54,0.0
89922,Jwomers,2009-05-29T14:53:52Z,1,0,2027,1,6,0.0
20136542,tudemon,2016-06-25T03:25:17Z,1,0,2027,1,6,0.0
103595,MathiasGmeiner,2009-07-10T11:11:41Z,1,0,5542,1,54,0.0
1636440,Katafalkas,2012-04-12T11:25:12Z,1,0,1704,1,40,0.0
2337475,abjbhat,2012-09-13T07:49:36Z,1,0,5542,1,54,0.0
1431774,malicioustoker,2012-02-12T22:51:39Z,1,0,5542,1,54,0.0
28890277,oreace,2017-05-23T08:22:19Z,1,0,1704,1,40,0.0
913931,txdywy,2011-07-14T00:34:19Z,1,0,297,1,10,0.0
44457033,jlohiys,2018-10-25T04:40:15Z,1,0,1704,1,40,0.0
31146682,Hongoing,2017-08-19T00:30:15Z,1,0,297,1,10,0.0
645837,openfly,2011-03-01T22:56:51Z,1,0,19154,1,69,0.0
24634543,evi1ox,2016-12-18T12:10:56Z,1,0,297,1,10,0.0
166885,lazylady,2009-12-13T08:43:31Z,1,0,144,1,14,0.0
5208182,andreiantonescu,2013-08-11T15:41:22Z,1,0,1704,1,40,0.0
13765846,Nojike,2015-08-12T13:03:19Z,1,0,297,1,10,0.0
1163824,mbelkin,2011-11-01T00:26:28Z,1,0,1704,1,40,0.0
13659411,leewaycn,2015-08-05T11:47:58Z,1,0,1704,1,40,0.0
16732013,yuzhouheike,2016-01-16T10:50:53Z,1,0,144,1,14,0.0
6603912,meismyles,2014-02-06T10:46:14Z,1,0,1704,1,40,0.0
6522133,garsdle,2014-01-28T07:04:47Z,1,0,144,1,14,0.0
10287013,yangchao0033,2014-12-24T06:08:44Z,1,0,144,1,14,0.0
15240219,pkuhonker,2015-10-22T00:21:10Z,1,0,1704,1,40,0.0
2846578,melchoyce,2012-11-20T18:10:52Z,1,0,51550,1,274,0.0
777591,zeusent,2011-05-09T19:22:48Z,2,0,1818,2,192,0.0
1151915,Wikinaut,2011-10-25T22:12:36Z,1,0,19154,1,69,0.0
26368233,camden,2017-03-12T22:37:12Z,1,0,365,1,4,0.0
9882746,raphaelrobert,2014-11-21T12:03:17Z,1,0,5542,1,54,0.0
8275956,migue19,2014-07-26T15:29:08Z,1,0,1272,1,190,0.0
86441,archie,2009-05-19T19:32:01Z,1,0,1272,1,190,0.0
864410,Sajjon,2011-06-21T14:10:37Z,1,0,1272,1,190,0.0
12616043,drewpitchford,2015-05-26T19:36:31Z,1,0,1272,1,190,0.0
12409307,ethanhuang13,2015-05-12T09:58:23Z,1,0,1272,1,190,0.0
8907863,shreyasthiagaraj,2014-09-25T02:28:28Z,1,0,1272,1,190,0.0
1082222,TofPlay,2011-09-26T23:13:18Z,1,0,1272,1,190,0.0
14796429,saltyskip,2015-09-23T00:25:57Z,1,0,1272,1,190,0.0
303121,olutsenko,2010-06-11T21:02:54Z,1,0,1272,1,190,0.0
5367141,rustymagnet3000,2013-09-02T18:42:42Z,1,0,1272,1,190,0.0
272926,ColtonProvias,2010-05-11T02:08:48Z,1,0,1272,1,190,0.0
59418688,frank61003,2020-01-01T18:09:37Z,1,0,1272,1,190,0.0
14242767,clozr,2015-09-11T23:41:09Z,1,0,1272,1,190,0.0
2343574,vincentsong,2012-09-14T01:56:40Z,1,0,1272,1,190,0.0
20705137,david-wire,2016-07-28T14:17:52Z,1,0,5542,4,54,0.0
1227205,ohemorange,2011-11-29T04:50:22Z,1,0,19154,1,69,0.0
93434,zmanian,2009-06-09T05:01:08Z,1,0,19154,1,69,0.0
47990,Eeko,2009-01-20T17:05:48Z,1,0,19154,1,69,0.0
1441776,bakagirl,2012-02-16T01:16:05Z,1,0,19154,1,69,0.0
6207220,lucasbento,2013-12-17T15:57:43Z,1,0,365,1,4,0.0
265071,kofalt,2010-05-05T02:56:05Z,1,0,19154,1,69,0.0
1014762,Foaly,2011-08-30T15:31:37Z,1,0,19154,1,69,0.0
3155267,0ki,2012-12-30T20:53:43Z,1,0,5542,2,54,0.0
2322076,SyberToto,2012-09-11T03:17:17Z,1,0,365,1,4,0.0
17820045,roadkillazpartybird,2016-03-14T03:42:14Z,1,0,19154,1,69,0.0
339131,Fyb3roptik,2010-07-20T23:34:40Z,1,0,1272,1,190,0.0
3174585,xu-c,2013-01-03T04:52:16Z,1,0,559,1,26,0.0
5678977,tbodt,2013-10-14T00:46:59Z,1,0,470,1,8,0.0
1846768,damienrambout,2012-06-13T14:31:16Z,1,0,503,1,42,0.0
101816,asymmetric,2009-07-05T10:38:02Z,1,0,1261,1,73,0.0
8480743,danishin,2014-08-18T14:44:34Z,1,0,1704,1,40,0.0
1360886,sandalsoft,2012-01-20T22:44:08Z,1,0,305,1,2,0.0
1420313,jrick,2012-02-08T17:15:43Z,1,0,1261,1,73,0.0
60202,parse,2009-03-04T20:39:18Z,1,0,3057,1,6,0.0
1202812,kjellr,2011-11-17T19:21:18Z,1,0,51550,1,274,0.0
1256849,rnkn,2011-12-12T08:31:04Z,1,0,1261,1,73,0.0
4479448,runforprogram,2013-05-20T13:46:17Z,1,0,234,1,2,0.0
22429695,codecov[bot],2016-09-25T14:18:27Z,3,0,6193,4,8,0.0
1576533,versluis,2012-03-26T14:45:11Z,1,0,51550,1,274,0.0
1455737,geoffmacintosh,2012-02-21T01:09:59Z,1,0,1261,1,73,0.0
477808,johnnyclem,2010-11-11T19:44:10Z,1,0,503,1,42,0.0
3073557,isaackeyet,2012-12-18T16:13:14Z,1,0,51550,1,274,0.0
30455693,40ccc,2017-07-26T03:47:18Z,1,0,1261,1,73,0.0
18544,elithrar,2008-07-27T05:42:15Z,1,0,5463,1,68,0.0
10285066,askhoffa,2014-12-24T00:33:40Z,1,0,51550,1,274,0.0
65767,paul999,2009-03-22T15:29:23Z,1,0,503,1,42,0.0
12018922,steffen9000,2015-04-19T13:20:38Z,1,0,1261,1,73,0.0
113902,tzusman,2009-08-10T19:57:50Z,1,0,503,1,42,0.0
507442,biscuitehh,2010-12-03T02:44:17Z,1,0,5463,1,68,0.0
1853334,paulwilton,2012-06-15T09:18:57Z,1,0,503,1,42,0.0
11043503,nahouto,2015-02-17T11:22:58Z,1,0,503,1,42,0.0
103224,tompson,2009-07-09T10:28:32Z,1,0,503,1,42,0.0
8560685,8bit-echo,2014-08-26T19:19:59Z,1,0,5463,1,68,0.0
122897,bbinto,2009-09-03T16:00:29Z,1,0,963,1,6,0.0
10501569,carmof,2015-01-12T16:05:25Z,1,0,503,1,42,0.0
1011603,martinhoefling,2011-08-29T10:40:47Z,1,0,1261,1,73,0.0
108799,Legogris,2009-07-26T11:32:00Z,1,0,1261,1,73,0.0
3098078,TimAEllis,2012-12-21T12:32:41Z,1,0,158,1,4,0.0
39256,andrebraga,2008-12-09T07:22:15Z,1,0,1384,1,14,0.0
20153584,asd8855,2016-06-26T15:30:02Z,1,0,58,1,5,0.0
20309676,Marcello168,2016-07-06T00:17:32Z,1,0,58,1,5,0.0
658675,sey,2011-03-08T22:23:24Z,1,0,1384,1,14,0.0
548435,colourful-land,2011-01-05T10:25:52Z,1,0,2272,1,10,0.0
98742,lukabernardi,2009-06-25T08:03:49Z,1,0,1384,1,14,0.0
8125655,briancolinger,2014-07-10T14:42:07Z,1,0,51550,1,274,0.0
14350,blowery,2008-06-19T19:51:12Z,1,0,51550,1,274,0.0
161041,mbinna,2009-12-02T19:48:19Z,1,0,1384,1,14,0.0
4586785,stefan-contiero,2013-06-01T11:25:02Z,1,0,256,1,12,0.0
158591,blixt,2009-11-26T17:14:32Z,1,0,256,1,12,0.0
1073483,amarcadet,2011-09-23T09:46:15Z,1,0,1384,1,14,0.0
791561,laptobbe,2011-05-16T17:56:37Z,1,0,1384,1,14,0.0
24217778,BlackDuckCoPilot,2016-11-28T05:10:45Z,1,0,2272,2,10,0.0
806363,posix4e,2011-05-23T23:41:27Z,1,0,1261,2,73,0.0
5352417,davidpflugpeil,2013-08-31T10:24:27Z,1,0,256,1,12,0.0
777820,hdogan,2011-05-09T21:39:42Z,1,0,256,1,12,0.0
966500,yvbeek,2011-08-08T14:08:58Z,1,0,1384,1,14,0.0
4436326,nanhuo,2013-05-15T09:41:47Z,1,0,256,1,12,0.0
2624646,maximkhatskevich,2012-10-22T18:41:01Z,1,0,1384,1,14,0.0
4591339,bitterbit,2013-06-02T05:02:37Z,1,0,1261,1,73,0.0
1065285,substa,2011-09-20T14:47:05Z,1,0,1261,1,73,0.0
6044662,djmoch,2013-11-26T21:49:08Z,1,0,1261,1,73,0.0
67312,jessearmand,2009-03-26T05:16:57Z,1,0,858,1,2,0.0
6422835,kevinpanaro,2014-01-16T19:18:05Z,1,0,1261,1,73,0.0
11571300,CLAassistant,2015-03-20T11:16:38Z,2,0,6676,4,58,0.0
7555197,jotebe,2014-05-12T08:02:09Z,1,0,1261,1,73,0.0
12726,luisdelarosa,2008-06-05T18:06:27Z,1,0,5463,1,68,0.0
1502519,spinach,2012-03-05T11:39:26Z,1,0,158,1,4,0.0
5824768,autobott,2013-10-31T16:30:40Z,1,0,51550,2,274,0.0
1402212,tbaranes,2012-02-02T16:01:07Z,1,0,251,1,4,0.0
18365223,omaidb,2016-04-09T13:00:55Z,1,0,559,1,26,0.0
6841046,laalaguer,2014-03-03T15:28:47Z,1,0,559,1,26,0.0
9576912,AtharvaVaidya,2014-11-05T19:04:42Z,1,0,849,1,7,0.0
5144674,0x5e,2013-08-02T05:27:48Z,1,0,559,1,26,0.0
6972631,asfork,2014-03-17T08:10:03Z,1,0,559,1,26,0.0
16098190,theobouwman,2015-12-01T09:50:20Z,1,0,5463,1,68,0.0
58611972,Rohan200220,2019-12-06T22:42:10Z,1,0,819,1,10,0.0
317734,conatus,2010-06-29T18:35:58Z,1,0,819,1,10,0.0
18581859,arunsathiya,2016-04-20T19:34:06Z,1,0,819,1,10,0.0
9793286,Ezio0,2014-11-17T01:33:49Z,1,0,559,1,26,0.0
1485056,merqurio,2012-02-29T12:48:27Z,1,0,819,1,10,0.0
891388,janhennings,2011-07-03T08:22:07Z,1,0,5463,1,68,0.0
4571256,smaspe,2013-05-30T14:17:10Z,1,0,849,1,7,0.0
3903844,niazoff,2013-03-18T22:32:38Z,1,0,5463,1,68,0.0
1153856,prbaron,2011-10-26T18:04:25Z,1,0,849,1,7,0.0
16787626,alexdoloz,2016-01-19T23:44:46Z,1,0,5463,1,68,0.0
23160779,nimhc,2016-10-31T03:59:52Z,1,0,559,1,26,0.0
1062575,pivotal-rebecca,2011-09-19T16:25:39Z,1,0,51550,9,274,0.0
1076161,OranShuster,2011-09-24T09:56:30Z,1,0,754,1,4,0.0
11814791,haniag,2015-04-06T08:07:01Z,1,0,470,1,8,0.0
3703083,lightsprint09,2013-02-26T09:17:11Z,1,0,1704,1,40,0.0
1908140,liaozibo,2012-06-30T05:51:21Z,1,0,559,1,26,0.0
17423659,youyialex,2016-02-23T06:18:22Z,1,0,559,1,26,0.0
5625884,junbinchencn,2013-10-07T03:27:48Z,1,0,313,1,7,0.0
19255527,ColdGrub1384,2016-05-08T21:30:36Z,1,0,470,1,8,0.0
8268339,dadpp,2014-07-25T14:33:22Z,1,0,58,1,5,0.0
12379907,NepPure,2015-05-10T09:54:54Z,1,0,559,1,26,0.0
242848,grgcombs,2010-04-13T08:00:42Z,1,0,8374,1,42,0.0
12012815,Andrewangeta,2015-04-18T23:20:36Z,1,0,5463,1,68,0.0
1389011,mrackwitz,2012-01-29T12:44:28Z,1,0,5018,1,12,0.0
7718808,wangweiarr,2014-05-28T00:06:56Z,1,0,259,1,2,0.0
238929,ryanolsonx,2010-04-07T17:52:14Z,1,0,8374,1,42,0.0
5350431,steffimueller,2013-08-31T00:17:57Z,1,0,860,1,10,0.0
434322,sleroux,2010-10-10T13:58:44Z,1,0,8374,2,42,0.0
1393849,k7,2012-01-31T08:01:36Z,1,0,860,1,10,0.0
435591,dougt,2010-10-11T16:47:11Z,1,0,8374,1,42,0.0
1413291,winkelsdorf,2012-02-06T17:23:53Z,1,0,8374,1,42,0.0
2717212,robconrad,2012-11-03T21:41:45Z,1,0,860,1,10,0.0
231698,mezis,2010-03-27T18:40:04Z,1,0,1216,1,2,0.0
1532629,akerbeltz,2012-03-13T12:13:27Z,1,0,51550,1,274,0.0
1226414,aarondaub,2011-11-28T20:49:09Z,1,0,5018,1,12,0.0
1725839,bahlo,2012-05-10T08:44:57Z,1,0,5018,1,12,0.0
7621694,Smethan,2014-05-18T16:18:55Z,1,0,392,1,5,0.0
1727803,daltonclaybrook,2012-05-10T19:56:22Z,1,0,5463,1,68,0.0
333496,steckel,2010-07-15T23:02:37Z,1,0,521,1,6,0.0
11229,mthole-old,2008-05-22T20:32:02Z,1,0,521,1,6,0.0
6998367,DomT4,2014-03-19T12:28:09Z,1,0,8374,1,42,0.0
82545,RefuX,2009-05-08T20:30:34Z,1,0,849,1,7,0.0
3506776,Mordil,2013-02-08T00:41:18Z,1,0,5463,1,68,0.0
4346200,matthijs2704,2013-05-05T12:36:05Z,1,0,5463,1,68,0.0
26665436,MarcelBlockchain,2017-03-25T03:30:49Z,1,0,342,1,4,0.0
6921277,reidcooper,2014-03-11T16:58:21Z,1,0,342,1,4,0.0
327847,kyleve,2010-07-09T21:45:36Z,1,0,521,1,6,0.0
7543300,meritozh,2014-05-10T15:36:55Z,1,0,559,1,26,0.0
16831306,bluefo,2016-01-22T05:16:17Z,1,0,559,1,26,0.0
807935,mfinkle,2011-05-24T16:07:22Z,1,0,8374,1,42,0.0
894565,craigcabrey,2011-07-05T01:45:41Z,1,0,1261,1,73,0.0
585279,mitar,2011-01-26T20:28:10Z,1,0,2347,2,4,0.0
7290183,xxmmllqqqqccqq,2014-04-14T13:00:03Z,1,0,2840,1,14,0.0
11845433,kcm117,2015-04-08T01:51:02Z,1,0,1908,1,12,0.0
13740356,krazyfrost,2015-08-11T01:49:42Z,1,0,2142,1,8,0.0
475463,matteocrippa,2010-11-10T09:56:08Z,1,0,1160,1,39,0.0
1753816,nonameplum,2012-05-18T23:17:00Z,1,0,1160,1,39,0.0
7949602,pongsakorn-onsri,2014-06-21T09:48:11Z,1,0,1160,1,39,0.0
9559558,collinhundley,2014-11-04T21:20:05Z,1,0,1160,1,39,0.0
90307,gverdouw,2009-05-31T02:18:43Z,1,0,1160,1,39,0.0
58783,kreeger,2009-02-28T05:02:49Z,1,0,1160,1,39,0.0
3519345,freemansion,2013-02-09T15:19:56Z,1,0,1160,1,39,0.0
510515,kpcwatson,2010-12-05T18:57:22Z,1,0,1160,1,39,0.0
15163365,generatronServer,2015-10-16T19:55:38Z,1,0,1160,1,39,0.0
1215773,ejohnsonw,2011-11-23T14:41:01Z,1,0,1160,1,39,0.0
3155005,slashlos,2012-12-30T19:40:38Z,1,0,253,1,1,0.0
1798972,alphatr,2012-05-31T13:25:15Z,1,0,212,1,4,0.0
4399410,iAlborz,2013-05-10T19:46:56Z,1,0,1213,1,9,0.0
7927870,CristianMoisei,2014-06-18T22:37:07Z,1,0,1213,1,9,0.0
727436,omar-jalalzada,2011-04-13T16:39:39Z,1,0,1213,1,9,0.0
3786627,simplenotezy,2013-03-06T11:45:29Z,1,0,1213,1,9,0.0
10627164,mgguinne,2015-01-21T07:01:46Z,1,0,1213,1,9,0.0
8592087,alokdhir,2014-08-29T15:50:56Z,1,0,1213,1,9,0.0
5232779,sunshinejr,2013-08-14T21:02:27Z,1,0,1636,1,33,0.0
12541774,sairamkotha,2015-05-21T08:14:23Z,1,0,1636,1,33,0.0
11801379,JerkyGunner,2015-04-04T22:18:48Z,1,0,2142,1,8,0.0
233960,anysome,2010-03-31T08:29:15Z,1,0,946,1,2,0.0
92683,hermanolsson,2009-06-06T21:50:29Z,1,0,1462,1,177,0.0
1614903,Coneko,2012-04-05T09:41:25Z,2,0,12863,5,82,0.0
6619035,crankygeologist,2014-02-07T19:37:53Z,1,0,2066,1,9,0.0
14928971,dartiss,2015-10-01T17:28:29Z,1,0,2066,1,9,0.0
2724207,deskroid,2012-11-05T05:28:44Z,1,0,2066,1,9,0.0
7679816,kcirrr,2014-05-23T11:31:34Z,1,0,2066,1,9,0.0
3476361,supernovia,2013-02-04T23:05:54Z,1,0,2066,1,9,0.0
4583057,CoolestNerdIII,2013-05-31T20:49:41Z,1,0,186,1,3,0.0
4744756,nbfuhao,2013-06-20T04:12:56Z,1,0,186,1,3,0.0
2904179,timvermeulen,2012-11-27T17:32:55Z,1,0,135,1,2,0.0
1330668,teameh,2012-01-14T21:29:16Z,1,0,359,1,5,0.0
12782396,awaisjee15,2015-06-07T07:37:16Z,1,0,359,1,5,0.0
12028287,mustoceacatalin,2015-04-20T06:15:56Z,1,0,359,1,5,0.0
4645762,xqq,2013-06-08T05:16:55Z,1,0,295,1,2,0.0
124499,gfontenot,2009-09-08T13:22:12Z,1,0,4225,1,41,0.0
396451,dodikk,2010-09-12T14:55:30Z,1,0,4225,1,41,0.0
1175576,AlexDenisov,2011-11-06T09:23:32Z,1,0,4225,1,41,0.0
211709,mbuchetics,2010-02-26T21:01:53Z,1,0,4225,1,41,0.0
759730,pietbrauer,2011-04-29T20:58:36Z,1,0,4225,1,41,0.0
501669,dreambt,2010-11-29T11:21:18Z,1,0,4225,1,41,0.0
1856935,ricardolpd,2012-06-16T14:46:27Z,1,0,4225,1,41,0.0
447118,adammendoza,2010-10-20T16:13:39Z,1,0,4225,1,41,0.0
1646763,izouxv,2012-04-16T03:02:51Z,1,0,4225,1,41,0.0
194588,gabrielPeart,2010-02-02T15:01:55Z,1,0,1636,1,33,0.0
1123124,jyounus,2011-10-12T17:24:04Z,1,0,1636,1,33,0.0
12063704,rizwankce,2015-04-22T07:38:33Z,1,0,1636,1,33,0.0
7704799,gutoglup,2014-05-26T17:56:37Z,1,0,1636,1,33,0.0
2320,alloy,2008-03-05T20:02:54Z,1,0,3257,1,27,0.0
1484989,jcampbell05,2012-02-29T12:12:28Z,1,0,3257,1,27,0.0
7756581,hackjutsu,2014-05-31T19:58:35Z,1,0,66,1,1,0.0
3915359,danshev,2013-03-20T00:11:24Z,2,0,1991,2,261,0.0
901005,Chrisell,2011-07-07T16:41:58Z,1,0,719,1,71,0.0
4860607,ramki1979,2013-06-28T04:06:26Z,1,0,719,1,71,0.0
11369361,gabriel-jones,2015-03-07T22:14:04Z,1,0,719,3,71,0.0
1279819,ejpusa,2011-12-22T11:37:15Z,1,0,719,2,71,0.0
6060582,hopye,2013-11-28T16:42:45Z,1,0,719,1,71,0.0
4634798,jdbateman,2013-06-06T22:14:00Z,1,0,719,1,71,0.0
11346086,Berdikhan,2015-03-06T07:14:32Z,1,0,719,1,71,0.0
1949486,tijee,2012-07-10T12:03:39Z,2,0,1222,2,113,0.0
4009360,makeitTim,2013-03-29T22:48:13Z,1,0,719,1,71,0.0
3800282,zavada,2013-03-07T16:54:39Z,1,0,719,1,71,0.0
1335873,kittrCZ,2012-01-17T06:53:44Z,1,0,719,1,71,0.0
545878,sephethus,2011-01-03T19:35:46Z,1,0,719,1,71,0.0
8208726,vishu3258,2014-07-19T12:37:03Z,1,0,719,1,71,0.0
1748880,smbhuin,2012-05-17T11:57:57Z,1,0,719,1,71,0.0
28934641,martindufort,2017-05-24T19:46:21Z,1,0,719,1,71,0.0
7195235,idelfonsog2,2014-04-06T10:28:39Z,1,0,719,1,71,0.0
23238,daxelrod,2008-09-05T01:47:03Z,1,0,1051,1,11,0.0
79303,searls,2009-04-29T20:23:34Z,1,0,3257,1,27,0.0
3539024,crmorse,2013-02-12T05:57:41Z,1,0,3257,1,27,0.0
554,roop,2008-02-21T05:47:39Z,1,0,3257,1,27,0.0
4039445,ampatalas,2013-04-02T17:24:11Z,1,0,1636,1,33,0.0
7354919,jjjeeerrr111,2014-04-20T18:27:05Z,1,0,1636,1,33,0.0
1923835,matteodanelli,2012-07-04T22:14:35Z,1,0,1636,1,33,0.0
949286,RuiAAPeres,2011-07-31T01:25:04Z,1,0,1636,1,33,0.0
4401695,gabrielvieira,2013-05-11T04:41:54Z,1,0,1636,1,33,0.0
58022,darkness51,2009-02-25T22:49:07Z,1,0,1636,1,33,0.0
21313656,Jimmybee,2016-08-29T15:18:09Z,1,0,1636,1,33,0.0
7698600,aorumbayev,2014-05-26T03:52:56Z,1,0,1636,1,33,0.0
1276964,ggthedev,2011-12-21T06:15:55Z,1,0,1636,1,33,0.0
8292651,LucianoPAlmeida,2014-07-28T19:15:32Z,1,0,1636,1,33,0.0
3636081,zkenes,2013-02-19T11:19:56Z,1,0,1636,1,33,0.0
3053124,tLewisII,2012-12-16T01:55:40Z,1,0,3257,1,27,0.0
589421,NinoScript,2011-01-29T03:23:13Z,1,0,1636,1,33,0.0
14967062,lzyraining,2015-10-04T18:48:19Z,1,0,1636,1,33,0.0
8666886,telip007,2014-09-05T10:09:02Z,1,0,1636,1,33,0.0
2022644,Przytua,2012-07-22T16:36:25Z,1,0,1636,1,33,0.0
529632,mszaro,2010-12-19T18:07:35Z,1,0,1636,1,33,0.0
15136563,marcsnts,2015-10-15T06:10:18Z,1,0,1636,1,33,0.0
343299,grevolution,2010-07-25T07:15:04Z,1,0,1636,1,33,0.0
4985879,hilalbaig,2013-07-11T01:05:54Z,1,0,1636,1,33,0.0
44030337,blennsuan,2018-10-10T14:37:18Z,1,0,93,1,2,0.0
2172843,tomwildcat9,2012-08-18T02:13:35Z,1,0,1462,1,177,0.0
241714,travelton,2010-04-11T19:50:58Z,1,0,1462,1,177,0.0
7384288,wongzigii,2014-04-23T12:49:44Z,1,0,1051,1,11,0.0
2473049,martijnkorteweg,2012-10-02T16:16:55Z,1,0,1462,1,177,0.0
5012557,avielg,2013-07-15T11:03:10Z,1,0,1462,1,177,0.0
413385,johnrickman,2010-09-23T19:03:18Z,1,0,1462,1,177,0.0
524580,artjomzab,2010-12-15T16:39:05Z,1,0,1462,2,177,0.0
452219,masterkrang,2010-10-24T21:34:03Z,1,0,1462,1,177,0.0
320967,klaas,2010-07-02T09:48:34Z,1,0,1462,1,177,0.0
1638996,justinmakaila,2012-04-13T03:25:54Z,2,0,5687,4,218,0.0
1318176,harshcs,2012-01-10T11:19:21Z,1,0,1462,1,177,0.0
3963176,violabg,2013-03-25T10:29:19Z,1,0,1462,1,177,0.0
10526402,thihaaung6245,2015-01-14T05:03:56Z,1,0,1462,1,177,0.0
1732366,jkmathew,2012-05-12T09:23:59Z,1,0,1462,1,177,0.0
7006989,relytmcd,2014-03-20T04:27:00Z,1,0,1462,1,177,0.0
397927,digoreis,2010-09-13T19:23:25Z,2,0,3489,2,183,0.0
3247207,knspriggs,2013-01-11T19:40:17Z,1,0,1462,1,177,0.0
1066980,tommydangerous,2011-09-21T05:24:41Z,1,0,1462,1,177,0.0
3108431,LightD,2012-12-23T07:24:56Z,1,0,1462,1,177,0.0
2880446,thedamfr,2012-11-24T19:57:51Z,1,0,1462,1,177,0.0
8736853,vbklv,2014-09-11T12:55:31Z,1,0,1462,1,177,0.0
9715712,iNeerajatSigneasy,2014-11-13T09:02:29Z,1,0,1462,1,177,0.0
4167271,mingway1991,2013-04-16T04:16:38Z,1,0,1462,1,177,0.0
1873281,leviyehonatan,2012-06-20T17:10:02Z,1,0,1462,1,177,0.0
931655,devxoul,2011-07-22T03:42:52Z,1,0,1462,1,177,0.0
364754,andrew-knott,2010-08-15T03:15:41Z,1,0,1462,1,177,0.0
7370581,truq,2014-04-22T08:37:03Z,1,0,1462,1,177,0.0
7128658,jafara,2014-04-01T15:24:43Z,1,0,1462,1,177,0.0
748214,johngoren,2011-04-24T01:26:10Z,1,0,1462,1,177,0.0
197446,mattyohe,2010-02-05T07:28:00Z,1,0,1462,1,177,0.0
873717,tkrajacic,2011-06-24T16:17:29Z,1,0,1462,1,177,0.0
446106,rjsamson,2010-10-19T22:43:07Z,1,0,1462,1,177,0.0
1163812,luketheobscure,2011-11-01T00:14:41Z,1,0,1462,2,177,0.0
205733,zkirill,2010-02-18T03:24:09Z,1,0,1462,1,177,0.0
889388,macu,2011-07-01T19:47:20Z,1,0,1462,2,177,0.0
104009,loopj,2009-07-11T23:01:25Z,1,0,1462,1,177,0.0
1159023,eraye1,2011-10-29T02:20:54Z,1,0,1462,1,177,0.0
2249425,cslosiu,2012-08-30T15:40:48Z,1,0,1462,1,177,0.0
66176,tomj,2009-03-23T18:47:45Z,2,0,20616,2,246,0.0
435731,blevine,2010-10-11T18:42:54Z,1,0,1462,1,177,0.0
1530131,joshuaziering,2012-03-12T18:58:51Z,1,0,1462,1,177,0.0
978863,raeidsaqur,2011-08-14T06:20:38Z,1,0,1462,1,177,0.0
6665314,dltlr,2014-02-12T20:03:11Z,1,0,1462,1,177,0.0
16154,marcopompei,2008-07-06T05:40:12Z,1,0,1462,1,177,0.0
722281,db0company,2011-04-11T11:58:12Z,1,0,1462,1,177,0.0
527931,angelcasado,2010-12-17T23:55:38Z,1,0,1462,2,177,0.0
877072,pketh,2011-06-26T17:42:52Z,1,0,1462,1,177,0.0
2784970,mogocat,2012-11-13T07:26:25Z,1,0,1462,1,177,0.0
3065126,ackleymi,2012-12-17T17:27:15Z,1,0,1462,1,177,0.0
146365,adooylabs,2009-10-29T16:56:40Z,1,0,1462,1,177,0.0
6942160,Jeehut,2014-03-13T14:47:42Z,1,0,1462,1,177,0.0
121626,corywilkerson,2009-08-31T20:16:01Z,1,0,1462,1,177,0.0
8757964,putudondo,2014-09-13T07:33:44Z,1,0,1462,1,177,0.0
543633,mohsen1,2011-01-01T21:09:43Z,1,0,1462,1,177,0.0
6831609,jefferyleo,2014-03-02T15:00:24Z,1,0,1462,1,177,0.0
8730910,PrajeetShrestha,2014-09-11T02:03:35Z,1,0,1462,1,177,0.0
5837424,Tkizzy,2013-11-02T11:02:31Z,1,0,1462,1,177,0.0
16804858,JordanOneU,2016-01-20T18:53:21Z,1,0,1462,1,177,0.0
8764760,adenix,2014-09-14T02:41:57Z,1,0,1462,1,177,0.0
5487809,deck2osuab,2013-09-18T15:41:02Z,1,0,1462,1,177,0.0
1437282,georgeportillo,2012-02-14T16:52:20Z,1,0,1462,1,177,0.0
10468849,ZeranLatte,2015-01-09T20:36:03Z,1,0,1462,1,177,0.0
15164670,atulsha,2015-10-16T22:17:13Z,1,0,1462,1,177,0.0
9159957,elazaron,2014-10-12T03:48:18Z,1,0,1462,1,177,0.0
13778438,ccastera,2015-08-13T08:01:13Z,1,0,1462,1,177,0.0
17092189,thuutien,2016-02-06T00:55:47Z,1,0,1462,1,177,0.0
8999277,Simeon-O,2014-10-02T16:50:19Z,1,0,1462,1,177,0.0
10137,ghost,2008-05-13T06:14:25Z,12,0,39842,18,719,0.0
3382274,newmanw,2013-01-25T14:38:27Z,1,0,1462,1,177,0.0
77145,sn,2009-04-23T20:31:22Z,1,0,1462,1,177,0.0
8194616,devbuds,2014-07-17T19:26:59Z,1,0,1462,1,177,0.0
15678626,ardee19,2015-11-05T21:12:44Z,1,0,1462,1,177,0.0
7938622,martianmartian,2014-06-20T00:55:19Z,1,0,1462,1,177,0.0
30514471,Paydayzcool,2017-07-28T02:07:12Z,1,0,1462,1,177,0.0
6200265,kadze,2013-12-16T20:16:17Z,1,0,1462,1,177,0.0
9459585,azureland,2014-10-30T07:58:38Z,1,0,1462,1,177,0.0
430112,dotmike,2010-10-06T20:34:55Z,1,0,1462,1,177,0.0
612696,FelipeUmpierre,2011-02-11T12:07:02Z,1,0,1462,1,177,0.0
1003886,krzd,2011-08-25T11:19:23Z,1,0,1462,1,177,0.0
7444516,makinney,2014-04-29T23:28:37Z,1,0,1462,1,177,0.0
3748453,VadimDez,2013-03-02T13:44:26Z,1,0,1462,1,177,0.0
3412692,troypayne,2013-01-29T03:39:17Z,1,0,1462,1,177,0.0
2589642,panderman,2012-10-18T13:41:23Z,1,0,1462,1,177,0.0
1760211,SteveNewhouse,2012-05-21T16:44:30Z,1,0,1462,1,177,0.0
116518,leonid-shevtsov,2009-08-18T10:53:37Z,1,0,1462,1,177,0.0
6414051,whusted,2014-01-15T22:10:38Z,1,0,1462,1,177,0.0
1096951,fobin,2011-10-02T17:59:34Z,1,0,1462,1,177,0.0
212631,ararog,2010-02-28T16:27:52Z,1,0,1462,1,177,0.0
195806,cybercent,2010-02-03T16:45:24Z,1,0,1462,1,177,0.0
3485555,pori,2013-02-05T20:52:54Z,1,0,1462,1,177,0.0
469332,ataugeron,2010-11-05T19:50:28Z,1,0,1462,1,177,0.0
1823617,baldurh,2012-06-06T15:19:38Z,1,0,1462,1,177,0.0
28064,Mikoj,2008-10-08T06:25:41Z,1,0,1462,1,177,0.0
174598,pseudovirtual,2009-12-31T09:05:56Z,1,0,1462,1,177,0.0
1010384,bassrock,2011-08-28T19:26:13Z,1,0,1462,1,177,0.0
6183356,thunderkid,2013-12-14T05:56:38Z,1,0,1462,1,177,0.0
1062648,sundraw,2011-09-19T16:50:50Z,1,0,1462,1,177,0.0
6448412,Samyro,2014-01-20T08:00:31Z,2,0,2734,2,367,0.0
1117750,Struki84,2011-10-10T21:44:27Z,2,0,2036,2,213,0.0
30851,n8fr8,2008-10-24T14:54:38Z,1,0,1051,1,11,0.0
518687,chrisballinger,2010-12-11T04:51:27Z,1,0,1051,1,11,0.0
9649385,megadr01d,2014-11-10T02:13:17Z,1,0,2840,2,14,0.0
12386246,buildasaur,2015-05-10T23:47:14Z,1,0,647,1,3,0.0
13846268,ianbradbury-bizzibody,2015-08-18T06:32:44Z,1,0,462,1,9,0.0
1556144,matadan,2012-03-20T10:48:52Z,1,0,462,1,9,0.0
5069285,purkylin,2013-07-23T01:35:37Z,1,0,462,1,9,0.0
75346,rodericj,2009-04-19T06:21:36Z,1,0,462,1,9,0.0
382183,fulldecent,2010-08-31T15:33:45Z,1,0,2347,1,4,0.0
1169495,emilebennett,2011-11-03T10:53:07Z,1,0,462,1,9,0.0
614841,kishinmanglani,2011-02-12T20:24:07Z,1,0,462,1,9,0.0
13682308,alexgerrese,2015-08-06T17:34:20Z,1,0,462,1,9,0.0
2553680,terenzeyuen,2012-10-13T20:52:03Z,1,0,138,1,3,0.0
13185384,Schlabbi,2015-07-05T11:03:30Z,1,0,3681,1,14,0.0
19194800,fredpi,2016-05-04T20:10:37Z,1,0,3681,1,14,0.0
3323565,dungi,2013-01-20T22:27:55Z,1,0,3681,1,14,0.0
126418,kimar,2009-09-13T17:23:19Z,1,0,3681,1,14,0.0
369165,vikingjs,2010-08-19T02:45:20Z,1,0,574,1,36,0.0
3594613,shawnmitchell,2013-02-14T14:58:11Z,1,0,574,1,36,0.0
7181111,ShGup,2014-04-05T01:01:40Z,1,0,574,1,36,0.0
29626995,Jagathish1994,2017-06-22T10:29:05Z,1,0,574,1,36,0.0
88144,mattlilek,2009-05-24T22:48:24Z,1,0,574,1,36,0.0
3619880,GuyKahlon,2013-02-17T19:36:37Z,1,0,574,1,36,0.0
14245117,LamourBt,2015-09-12T05:18:20Z,1,0,574,1,36,0.0
6049347,vineethvijayan,2013-11-27T11:21:15Z,1,0,1713,1,5,0.0
16421915,gthrb22,2015-12-24T04:54:48Z,1,0,1291,1,7,0.0
43328387,dataman17,2018-09-17T02:41:40Z,1,0,803,1,45,0.0
10519862,francisjervis,2015-01-13T18:34:28Z,1,0,803,1,45,0.0
14977463,sensencoder,2015-10-05T12:01:35Z,1,0,803,1,45,0.0
774359,aivars,2011-05-07T20:38:26Z,1,0,803,1,45,0.0
9093854,Kymer,2014-10-08T21:05:13Z,1,0,803,1,45,0.0
5401779,jabhiji,2013-09-06T18:03:47Z,1,0,803,1,45,0.0
28483585,hanming223,2017-05-06T11:48:38Z,1,0,803,1,45,0.0
10479469,stanmots,2015-01-10T19:56:36Z,1,0,803,1,45,0.0
6580313,JulianKahnert,2014-02-04T01:07:41Z,1,0,803,1,45,0.0
592576,tikhop,2011-01-31T11:18:52Z,1,0,803,1,45,0.0
1420786,teologov,2012-02-08T19:55:27Z,1,0,803,1,45,0.0
163635,nuthinking,2009-12-07T09:33:34Z,1,0,803,1,45,0.0
11498205,gerchicov-bp,2015-03-16T07:44:56Z,1,0,803,1,45,0.0
6886305,nlogioco,2014-03-07T18:54:59Z,1,0,803,1,45,0.0
3730187,Toldy,2013-02-28T18:26:32Z,1,0,803,1,45,0.0
3976868,oleynikd,2013-03-26T16:40:20Z,1,0,803,1,45,0.0
317671,iwasrobbed,2010-06-29T17:41:45Z,1,0,803,1,45,0.0
10665201,mobilinked,2015-01-23T05:01:23Z,1,0,803,1,45,0.0
10601271,zabolotiny,2015-01-19T17:06:48Z,1,0,803,1,45,0.0
2488011,rebeloper,2012-10-04T17:05:34Z,1,0,803,1,45,0.0
29829961,klische,2017-07-02T05:15:04Z,1,0,803,1,45,0.0
24409853,rafaelapaula,2016-12-06T11:20:12Z,1,0,803,1,45,0.0
7271766,kuzdu,2014-04-12T10:29:16Z,1,0,803,1,45,0.0
842335,twprzybysz,2011-06-10T14:53:55Z,1,0,803,1,45,0.0
11869,emqplus,2008-05-29T14:56:35Z,1,0,343,1,3,0.0
812037,fabiosoft,2011-05-26T13:05:19Z,1,0,343,1,3,0.0
12815918,hbj520,2015-06-09T15:06:56Z,1,0,92,1,5,0.0
768893,danipralea,2011-05-04T22:05:34Z,1,0,92,1,5,0.0
18745335,danilomozer,2016-04-29T22:38:34Z,1,0,194,1,31,0.0
10130372,scoobydont,2014-12-09T14:06:13Z,1,0,194,1,31,0.0
3785570,SaifAlDilaimi,2013-03-06T09:33:53Z,1,0,194,1,31,0.0
2404372,niranjan94,2012-09-23T11:31:27Z,1,0,262,2,10,0.0
8947010,abishekvashok,2014-09-28T11:49:10Z,1,0,262,1,10,0.0
22665058,Songkeys,2016-10-06T16:51:52Z,1,0,557,1,2,0.0
2453290,saelo,2012-09-29T16:52:22Z,1,0,142,1,4,0.0
11471906,singleghost,2015-03-14T08:29:53Z,1,0,142,1,4,0.0
47948191,shuidixu,2019-02-24T16:42:33Z,1,0,142,1,4,0.0
8608,siuying,2008-04-27T03:55:15Z,1,0,8562,1,11,0.0
3134048,sablib,2012-12-27T12:14:40Z,1,0,8562,1,11,0.0
13681380,egrimmius,2015-08-06T16:13:59Z,1,0,8562,1,11,0.0
5324653,cfilipov,2013-08-27T20:40:58Z,1,0,8562,1,11,0.0
763698,mtitolo,2011-05-02T15:16:22Z,1,0,1178,1,19,0.0
6206865,salman-ahmad,2013-12-17T15:10:59Z,1,0,1178,1,19,0.0
2380740,thedodd,2012-09-19T20:15:17Z,1,0,1178,1,19,0.0
547926,dcow,2011-01-05T01:27:21Z,1,0,1178,1,19,0.0
5384588,googlebot,2013-09-04T18:30:59Z,1,0,1178,1,19,0.0
8013017,richardtop,2014-06-28T13:10:32Z,1,0,784,1,1,0.0
271715,androidcn,2010-05-09T15:05:47Z,1,0,2840,1,14,0.0
2218314,tony1016,2012-08-25T16:43:42Z,1,0,2840,1,14,0.0
1647328,nico75005,2012-04-16T08:15:58Z,1,0,194,1,31,0.0
1854038,MoridinBG,2012-06-15T13:54:59Z,1,0,194,1,31,0.0
3421625,dnsbty,2013-01-29T22:32:55Z,1,0,194,1,31,0.0
6147912,iwming,2013-12-10T02:36:33Z,1,0,194,1,31,0.0
5377970,pjebs,2013-09-04T01:39:51Z,1,0,92,1,5,0.0
20170162,pivotalstitch,2016-06-27T15:38:13Z,1,0,194,1,31,0.0
2739381,erikbeerepoot,2012-11-07T00:49:59Z,1,0,194,1,31,0.0
664434,esetnik,2011-03-11T16:50:07Z,1,0,194,1,31,0.0
2590360,danmunoz,2012-10-18T15:24:58Z,1,0,194,1,31,0.0
1205894,adamdahan,2011-11-19T04:20:47Z,1,0,194,1,31,0.0
2069158,EvgenyKarkan,2012-07-31T05:26:00Z,1,0,194,1,31,0.0
6062429,dariuxmx,2013-11-28T23:11:12Z,1,0,194,1,31,0.0
67223,brandons,2009-03-25T21:37:11Z,1,0,194,1,31,0.0
1114057,aldrich,2011-10-09T13:01:01Z,1,0,194,1,31,0.0
6422482,facebook-github-bot,2014-01-16T18:36:34Z,1,0,194,2,31,0.0
17900695,rspl-nilesh,2016-03-17T09:25:41Z,1,0,194,1,31,0.0
13727119,bazoooki,2015-08-10T07:34:06Z,1,0,194,1,31,0.0
314019,mp3il,2010-06-24T21:48:16Z,1,0,194,1,31,0.0
78852,andytriboletti,2009-04-28T17:09:29Z,1,0,194,1,31,0.0
952836,costimuraru,2011-08-01T23:15:25Z,1,0,194,1,31,0.0
1319070,nitinbizsingh,2012-01-10T17:06:04Z,1,0,194,1,31,0.0
722716,rinat-enikeev,2011-04-11T15:13:22Z,1,0,194,1,31,0.0
15121098,zrx89757,2015-10-14T08:20:41Z,1,0,194,1,31,0.0
20614330,EvsenevDev,2016-07-23T15:25:47Z,1,0,194,1,31,0.0
71601,aehlke,2009-04-08T02:20:43Z,1,0,803,1,45,0.0
173707,mingyeow,2009-12-29T16:32:15Z,1,0,803,1,45,0.0
3721061,viktorasl,2013-02-27T21:56:38Z,1,0,328,1,3,0.0
4370846,NathanRussak,2013-05-08T01:19:22Z,1,0,551,1,53,0.0
62405,dannygreg,2009-03-11T14:10:37Z,1,0,8638,2,41,0.0
1048705,fabiopelosin,2011-09-13T22:24:52Z,1,0,8638,1,41,0.0
1066961,zakdances,2011-09-21T05:12:51Z,1,0,8638,1,41,0.0
1763961,craigzour,2012-05-22T10:12:52Z,1,0,8649,1,11,0.0
6240851,manumax,2013-12-22T11:26:55Z,1,0,3416,1,13,0.0
52437,tp,2009-02-06T20:31:29Z,1,0,3416,1,13,0.0
1359809,zenkimoto,2012-01-20T18:48:11Z,1,0,3416,1,13,0.0
280825,NickBusey,2010-05-18T21:26:40Z,1,0,7210,1,25,0.0
10269200,Sugaroverdose,2014-12-22T11:26:59Z,1,0,7210,1,25,0.0
7276510,DanYoung-1,2014-04-12T23:19:53Z,1,0,7210,1,25,0.0
5284987,ktt9117,2013-08-22T08:15:46Z,1,0,7210,1,25,0.0
37373969,Jamirkhan50,2018-03-14T14:12:33Z,1,0,7210,1,25,0.0
759887,Jellyfrog,2011-04-29T23:00:05Z,1,0,7210,1,25,0.0
790061,ideologysec,2011-05-16T02:11:55Z,1,0,7210,1,25,0.0
13519782,CineXMike,2015-07-27T10:29:01Z,1,0,7210,1,25,0.0
644764,ahti,2011-03-01T13:29:27Z,1,0,510,1,5,0.0
886155,nickynick,2011-06-30T10:33:12Z,1,0,510,1,5,0.0
89718,yoiang,2009-05-28T22:31:46Z,1,0,2300,1,9,0.0
96165,jmacmullin,2009-06-17T01:46:43Z,1,0,2300,1,9,0.0
1955364,krodak,2012-07-11T08:49:50Z,1,0,2300,1,9,0.0
254198,netbe,2010-04-27T09:49:20Z,1,0,2300,1,9,0.0
430233,fatuhoku,2010-10-06T22:29:02Z,1,0,8638,1,41,0.0
7240389,lemarian,2014-04-09T15:30:17Z,1,0,551,1,53,0.0
7348507,bb-git,2014-04-19T18:36:15Z,1,0,803,1,45,0.0
1729042,javalnanda,2012-05-11T05:48:00Z,1,0,551,1,53,0.0
1857415,rahul0x24,2012-06-16T18:12:48Z,1,0,328,1,3,0.0
5313847,Ankish,2013-08-26T16:37:47Z,1,0,800,1,15,0.0
4859453,tranhieutt,2013-06-28T02:30:57Z,1,0,800,1,15,0.0
11148585,Tomikes,2015-02-22T17:27:07Z,1,0,800,1,15,0.0
3176559,Abdul-Moiz,2013-01-03T10:58:38Z,1,0,800,1,15,0.0
4843821,mpclarkson,2013-06-27T02:26:03Z,1,0,800,1,15,0.0
10903786,sumantimalsina9,2015-02-08T02:45:15Z,1,0,800,1,15,0.0
1726017,dsp1589,2012-05-10T09:41:18Z,1,0,800,1,15,0.0
20918967,tropicaxis,2016-08-09T03:36:26Z,1,0,24,1,3,0.0
20926198,FlaviaBondJamesBondsHusband,2016-08-09T11:15:40Z,1,0,24,1,3,0.0
19330175,Evhelden,2016-05-12T15:34:18Z,1,0,24,1,3,0.0
10387238,acroutworst,2015-01-04T06:43:31Z,1,0,387,1,2,0.0
952873,ghecho,2011-08-01T23:42:56Z,1,0,387,1,2,0.0
1188140,atermenji,2011-11-11T09:15:29Z,1,0,1644,1,2,0.0
22005,skabber,2008-08-26T05:51:43Z,1,0,551,1,53,0.0
3420325,sgtsquiggs,2013-01-29T19:48:54Z,1,0,551,1,53,0.0
3513691,vsymguysung,2013-02-08T18:28:19Z,1,0,551,1,53,0.0
1033299,hugo53,2011-09-07T15:43:52Z,1,0,551,1,53,0.0
157480,kkazuo,2009-11-24T10:15:47Z,1,0,551,1,53,0.0
602830,priteshshah1983,2011-02-06T04:16:19Z,1,0,551,1,53,0.0
920135,aperechnev,2011-07-16T21:01:53Z,1,0,551,1,53,0.0
2075915,vittoriom,2012-08-01T07:25:56Z,1,0,557,1,10,0.0
893113,georgbachmann,2011-07-04T09:09:21Z,1,0,557,1,10,0.0
13626274,jenjia,2015-08-03T14:16:42Z,1,0,557,1,10,0.0
1717860,amyleecodes,2012-05-08T15:12:17Z,1,0,557,1,10,0.0
7225868,midianet,2014-04-08T13:30:31Z,1,0,16817,1,3,0.0
203914,codegefluester,2010-02-15T12:33:36Z,1,0,460,1,4,0.0
635300,ryngonzalez,2011-02-24T04:00:41Z,1,0,2194,1,6,0.0
8655789,codecov-io,2014-09-04T13:00:45Z,3,0,31602,17,33,0.0
7763632,philantoline,2014-06-02T00:58:01Z,1,0,72,1,1,0.0
4250050,apollo-cla,2013-04-24T22:53:18Z,1,0,2154,1,10,0.0
112310,MaxDesiatov,2009-08-05T20:58:20Z,1,0,2154,1,10,0.0
40718055,ShreyanshAlchemy,2018-06-30T13:32:02Z,1,0,2154,1,10,0.0
5862228,cgarciae,2013-11-05T17:18:57Z,1,0,811,1,2,0.0
36821322,swift-nio-bot,2018-02-25T17:26:34Z,1,0,1658,4,26,0.0
36888095,jordan2936,2018-02-27T12:56:41Z,1,0,1658,1,26,0.0
44065,dabrahams,2009-01-04T09:09:00Z,1,0,190,1,5,0.0
1847260,dastrobu,2012-06-13T17:07:43Z,1,0,190,1,5,0.0
24483645,awav,2016-12-09T20:47:38Z,1,0,190,1,5,0.0
24968877,ChanSays,2017-01-07T01:48:30Z,1,0,190,1,5,0.0
15214624,paulrs,2015-10-20T13:46:47Z,1,0,190,1,5,0.0
736545,fizker,2011-04-18T12:27:04Z,1,0,5117,1,10,0.0
5120183,jcanizales,2013-07-30T09:58:37Z,2,0,3081,2,29,0.0
1398793,kientzle,2012-02-01T17:15:09Z,1,0,1903,1,10,0.0
3171662,1aurabrown,2013-01-02T19:30:20Z,1,0,1757,1,10,0.0
10794609,acegreen,2015-02-01T08:07:37Z,1,0,803,1,45,0.0
558519,guspinto,2011-01-12T01:05:31Z,1,0,16817,1,3,0.0
2657310,J7mbo,2012-10-26T13:17:19Z,1,0,106,1,45,0.0
9253071,jimidobson,2014-10-15T14:12:31Z,1,0,106,1,45,0.0
4246780,reitzig,2013-04-24T15:17:26Z,1,0,106,1,45,0.0
971530,tosbaha,2011-08-10T13:49:27Z,1,0,557,1,10,0.0
2393781,yonaskolb,2012-09-21T13:56:04Z,1,0,557,1,10,0.0
8226978,lbellego,2014-07-21T17:46:22Z,1,0,734,1,4,0.0
4026614,hobbesthetige,2013-04-01T12:38:50Z,1,0,734,1,4,0.0
782627,dcunited001,2011-05-11T22:48:21Z,1,0,902,1,19,0.0
59230,paulz,2009-03-02T02:30:54Z,1,0,902,1,19,0.0
6087389,koogle,2013-12-02T16:03:25Z,1,0,902,1,19,0.0
2772537,cooler333,2012-11-11T17:08:35Z,1,0,902,1,19,0.0
132291,mwaterfall,2009-09-28T16:47:18Z,1,0,106,1,45,0.0
13796652,destinyxxl,2015-08-14T11:22:37Z,1,0,106,1,45,0.0
26317350,QianJiaming,2017-03-10T03:45:56Z,1,0,106,1,45,0.0
10575519,rchatham,2015-01-17T17:35:32Z,1,0,106,1,45,0.0
16848003,anirudhamahale,2016-01-23T04:30:26Z,1,0,106,2,45,0.0
5066926,zhihuitang,2013-07-22T17:42:04Z,1,0,106,1,45,0.0
626743,serieuxchat,2011-02-19T11:23:23Z,1,0,106,1,45,0.0
60738,wuf810,2009-03-06T11:31:45Z,1,0,106,1,45,0.0
1235629,shaahin,2011-12-02T09:04:04Z,1,0,106,1,45,0.0
19794985,mlh-anhnh,2016-06-07T08:47:09Z,1,0,106,1,45,0.0
5115869,icedice,2013-07-29T19:41:40Z,1,0,106,1,45,0.0
10040900,ameue,2014-12-02T02:14:36Z,1,0,106,1,45,0.0
13778103,omerbaskurt,2015-08-13T07:36:24Z,1,0,462,1,9,0.0
